id,first_name,last_name,salary,department
1,Joseph,Price,6765.68,HR
2,Kathy,Jimenez,7281.25,HR
3,Megan,Contreras,6584.77,Support
4,Kathy,Davis,4747.48,Engineering
5,Rebecca,Young,8908.15,Finance
6,Victor,Welch,7216.16,Sales
7,Erika,Luna,3361.66,Finance
8,Douglas,Murphy,6734.02,Engineering
9,Matthew,Hood,4629.96,Finance
10,Ashley,Adams,5899.12,Engineering
11,Kenneth,Reyes,9727.36,Sales
12,Jennifer,Stewart,6538.28,Support
13,Robyn,Martin,5535.06,Engineering
14,Leslie,Dennis,4314.39,Marketing
15,Lindsay,Hamilton,9865.73,Marketing
16,Debbie,Jones,6906.01,HR
17,Holly,Fisher,6867.35,HR
18,Courtney,Hill,6983.23,HR
19,Joseph,Ramirez,3198.33,Sales
20,Tyler,Allison,5015.98,HR
21,Jessica,Harris,8348.28,Support
22,Patricia,Hutchinson,3275.72,Marketing
23,Kayla,Weber,7800.28,Engineering
24,Samuel,Myers,6222.14,Sales
25,Sierra,Davis,6576.47,Marketing
26,James,Blake,6057.7,Engineering
27,Melanie,Sparks,4078.47,Engineering
28,Yvonne,Smith,6846.44,Sales
29,Kenneth,Oneal,7080.51,Finance
30,Christopher,Hill,5860.14,HR
31,Shawn,Yu,4275.43,Sales
32,Jason,Guzman,8536.98,Finance
33,Jeffrey,Lucas,8262.46,Sales
34,Renee,Nelson,4314.01,Marketing
35,Jessica,Davis,7173.12,HR
36,Daryl,Gonzalez,5076.97,Finance
37,Terri,Leonard,5295.97,HR
38,Michael,Bennett,4600.92,Finance
39,Amanda,Lopez,3434.29,Finance
40,Samantha,Webb,3032.68,Engineering
41,Roger,Hooper,7872.0,Engineering
42,Wendy,Holmes,9434.13,Sales
43,Joseph,Haynes,3182.65,Marketing
44,Anna,Moore,6514.22,HR
45,Tiffany,Taylor,4420.04,Support
46,John,Copeland,9796.17,Support
47,Sarah,Scott,9875.24,Engineering
48,Joseph,Warren,4070.63,Engineering
49,David,Garcia,8559.4,Sales
50,Wesley,Gutierrez,9781.3,Sales
51,Benjamin,Turner,4570.27,Support
52,James,Beasley,5028.46,Marketing
53,Robert,Snyder,6084.3,Support
54,Melissa,Rivera,3480.0,Marketing
55,Brandon,Coleman,7533.85,Sales
56,William,Moon,5586.75,Engineering
57,Robert,Dixon,6934.16,Engineering
58,Kristina,Rivera,7879.3,Sales
59,Sarah,Quinn,5397.97,HR
60,Diana,Tanner,9767.53,Sales
61,Ashley,Jones,9805.76,Support
62,Megan,Wheeler,8195.16,HR
63,Dennis,Kelly,7134.98,Marketing
64,Kimberly,Webb,4093.28,Marketing
65,Cassidy,Black,9746.49,Finance
66,John,Lawson,3454.03,Sales
67,Crystal,Perkins,5390.58,Sales
68,David,Nichols,9511.4,HR
69,Lisa,Scott,3302.49,Marketing
70,Michael,Holmes,8059.94,Engineering
71,Kathy,Carpenter,7014.37,Sales
72,Tyler,Williams,9952.32,Support
73,Sarah,Noble,6543.97,Support
74,Barbara,Ortiz,5414.52,Marketing
75,Emily,Walls,8909.99,Support
76,Deborah,Franklin,4529.99,Finance
77,Jeanne,Decker,8080.7,Finance
78,Michael,Lee,9839.72,Sales
79,Sharon,Rose,6855.03,HR
80,Keith,Kidd,8684.48,HR
81,Riley,Johnson,4932.48,Support
82,Robert,Green,3175.38,Support
83,Erin,Martinez,6706.67,Marketing
84,Sandra,Saunders,9276.09,HR
85,Bruce,Mcgee,5625.22,Finance
86,Dominic,Taylor,5489.08,HR
87,Marcus,Thomas,9671.63,Finance
88,Jennifer,Williams,3622.0,Engineering
89,Christina,Smith,5866.7,Sales
90,Ashley,Black,8718.03,Support
91,Rachel,Torres,7899.45,HR
92,Matthew,Gomez,3749.58,Marketing
93,Steven,Miller,5389.37,Sales
94,George,Dalton,3360.21,HR
95,Paula,Blake,7156.56,Sales
96,Robin,Russell,7294.27,Engineering
97,Samantha,Herman,5352.67,HR
98,Megan,Harmon,9569.76,Marketing
99,Bradley,Middleton,8991.47,HR
100,Jessica,Berg,8009.0,Finance
101,David,Patterson,4276.07,Sales
102,Adam,Ramirez,4247.82,Engineering
103,Logan,Rocha,5973.29,Engineering
104,James,Roberts,8547.69,Sales
105,John,Yang,7469.09,Finance
106,Joseph,Green,3551.94,Finance
107,Justin,Moyer,6730.49,Finance
108,Daniel,Tapia,4041.11,Marketing
109,Tim,Waters,7491.81,Engineering
110,Tom,Jacobson,6242.99,HR
111,Amy,Rangel,7954.2,Support
112,Kayla,Walter,8110.16,HR
113,Jessica,Richardson,4938.29,Sales
114,Alyssa,Gibson,5590.25,Finance
115,April,Turner,8734.93,Engineering
116,Brandon,Wiggins,9429.18,Support
117,Mark,Salazar,8452.49,Engineering
118,Karen,Miranda,4447.87,Support
119,Kyle,Booth,9570.03,Sales
120,Justin,Anderson,3842.73,Sales
121,Andre,Malone,5216.99,Engineering
122,Heather,Taylor,3347.85,Engineering
123,Emily,Flores,5408.08,Support
124,Teresa,Chandler,5970.93,Sales
125,William,Cardenas,5924.52,Marketing
126,Erica,Frazier,3536.72,Engineering
127,Christine,Ortiz,6726.79,Marketing
128,Erica,Lee,9552.2,Finance
129,Reginald,Odom,9429.06,HR
130,Derek,Smith,9331.1,Engineering
131,Martin,Hughes,4135.42,Marketing
132,Emily,Gonzales,8366.82,Support
133,Heidi,Graham,4663.14,Support
134,Richard,Scott,7704.01,Support
135,John,Hall,5434.0,Engineering
136,Jonathan,Shah,7082.84,Engineering
137,David,May,6063.17,Sales
138,Sabrina,Crawford,9654.34,Sales
139,Jill,Hughes,5078.73,Finance
140,Colleen,Davis,7341.91,Sales
141,Jeremy,Olson,3723.13,Sales
142,Stephen,Thomas,6138.77,Support
143,Michael,Harrison,9225.34,Marketing
144,Michael,Miller,8464.1,Support
145,John,Martin,6011.51,Engineering
146,Travis,Gonzalez,3288.5,Sales
147,Crystal,Carrillo,3392.06,HR
148,Erin,Logan,8513.34,Sales
149,Todd,Paul,7057.72,Marketing
150,Amy,Rogers,3155.6,Sales
151,Lisa,Smith,7997.41,Marketing
152,Justin,Anderson,6390.77,Support
153,Margaret,Roberts,8218.45,Support
154,Rebecca,Williams,9557.32,HR
155,David,Marquez,8269.29,HR
156,Karen,Patel,5045.23,Sales
157,William,Freeman,5864.28,Sales
158,Mary,Strong,8510.79,Support
159,Tiffany,Ramirez,7286.03,Support
160,Daniel,Walters,6214.3,Finance
161,Blake,Montgomery,4281.95,Sales
162,Sierra,Bowman,7493.66,Finance
163,Jacob,White,8664.29,Support
164,Timothy,Padilla,4595.28,Finance
165,John,Osborn,9600.22,Marketing
166,Tracy,Garcia,3088.86,Marketing
167,Aaron,Johnson,4606.79,HR
168,Peggy,Allen,3452.43,Engineering
169,Rebecca,Duncan,8313.85,Finance
170,Jacqueline,Alexander,7224.87,Marketing
171,Jonathan,Ryan,6164.27,Finance
172,Taylor,Elliott,8724.87,Marketing
173,Pamela,Bryan,8122.93,Support
174,Frank,Franklin,5135.88,Support
175,Brandon,Smith,4093.04,Sales
176,Wendy,Graham,3105.3,Support
177,Jessica,Peterson,5818.47,Engineering
178,Tracy,Marshall,7028.98,Engineering
179,Elizabeth,Keith,7524.25,HR
180,James,Kelly,3809.47,Marketing
181,Kathleen,Cox,4197.7,HR
182,Erin,Smith,6398.1,Marketing
183,Holly,Pena,5467.73,Marketing
184,Lauren,Fernandez,4727.7,Marketing
185,Andrew,Wright,7301.84,Marketing
186,Sarah,Bowers,9730.22,Finance
187,Eric,Merritt,7639.25,Finance
188,Ronald,Walsh,7272.92,Marketing
189,Justin,Franco,4699.64,Engineering
190,Eric,Martinez,4996.86,Engineering
191,Robert,Banks,6185.15,Marketing
192,Whitney,Brady,9961.38,Finance
193,Shannon,Petty,8707.6,HR
194,Brittany,Taylor,3840.75,Finance
195,Cesar,Parsons,5229.03,Engineering
196,Jody,Giles,5156.86,Finance
197,Megan,Hoffman,3592.69,Engineering
198,David,Hicks,4369.84,Support
199,Catherine,Lee,7255.9,Sales
200,Cheryl,Preston,8156.88,Marketing
201,Lauren,Jackson,7971.75,HR
202,Vincent,Ingram,3955.92,Finance
203,Michael,Ortega,5553.97,Support
204,Nicole,Chung,4808.86,Sales
205,Cody,Chen,8061.83,Support
206,Tracey,Nguyen,9115.23,Support
207,Hannah,Rivera,6461.47,HR
208,Heidi,Pena,5628.82,Engineering
209,Elizabeth,Johnson,5955.12,Engineering
210,Christopher,Brown,5647.79,Support
211,Nancy,Bryant,7359.37,Engineering
212,Brian,Scott,9796.1,Sales
213,Zachary,Miller,7610.38,Support
214,Trevor,Thompson,6417.41,Finance
215,Nicholas,Jones,3431.95,Marketing
216,Joseph,Fernandez,4522.34,Engineering
217,Richard,Duncan,9687.88,Support
218,Denise,Burns,7324.69,Support
219,Angela,Sanders,4062.39,HR
220,Jon,Bowman,3798.3,HR
221,Heidi,Goodwin,6234.86,HR
222,Kimberly,Baldwin,7360.78,Sales
223,April,Aguilar,9076.32,Engineering
224,Jason,Bailey,4373.83,Support
225,Michael,Jordan,7531.36,Sales
226,Karen,Parker,5687.56,Engineering
227,Lawrence,Cook,8167.5,Engineering
228,Cameron,Brown,3261.07,HR
229,Peter,Evans,6238.46,Engineering
230,Emily,Hill,5565.06,Sales
231,Donald,Castro,5266.29,Finance
232,Joshua,Tapia,5979.3,Sales
233,Jason,Malone,5242.57,HR
234,Joseph,Johnson,3258.17,HR
235,Ethan,Green,8610.27,HR
236,Patricia,Knight,5296.08,Marketing
237,Jessica,Kim,8482.74,Sales
238,Scott,Moss,8846.78,Engineering
239,Alicia,Galloway,9978.75,Finance
240,Joseph,Mcbride,7793.07,Engineering
241,Robert,Shaw,9028.38,Finance
242,Stephanie,Stephens,5315.38,HR
243,Douglas,Jackson,5139.16,Support
244,Karen,Ramos,4530.04,Engineering
245,Amy,Becker,9537.14,HR
246,Melissa,Calderon,7771.73,Engineering
247,James,Chen,3937.85,HR
248,Ricky,Cox,4622.38,Support
249,Jay,Duke,9596.09,Marketing
250,Jasmine,Santos,7548.18,Marketing
251,Julia,Hunt,5817.54,Sales
252,Chris,Alexander,4158.72,Sales
253,Michael,Carroll,6273.67,Marketing
254,Linda,Miller,6905.1,Sales
255,Jeffrey,Gentry,6359.32,Sales
256,Roger,Glover,3648.15,Marketing
257,David,Boyd,5023.01,Engineering
258,Heidi,Norris,4652.04,Marketing
259,Jim,Williams,6066.07,Engineering
260,Samantha,Lara,8649.21,Finance
261,Marissa,Brooks,7626.81,Support
262,Gary,Chen,5221.49,Finance
263,Ralph,Walters,4976.39,Engineering
264,Mary,Barnes,4551.02,Sales
265,Felicia,Jones,5673.34,Support
266,James,Mcgee,5630.6,Support
267,Angela,Moore,8595.0,HR
268,David,Weaver,3584.76,Support
269,Carly,Greene,9754.71,Engineering
270,Teresa,Lowe,8974.01,Support
271,Andrew,Mullen,3922.79,HR
272,Donald,Lee,6737.88,HR
273,Catherine,Lee,8020.86,HR
274,Kristin,Beck,6453.62,Engineering
275,Brittany,Martinez,7374.55,Support
276,Megan,Holmes,4991.05,Sales
277,Laurie,Carr,9448.25,Support
278,Gregory,Frazier,6932.14,Support
279,Loretta,Patel,8081.46,Marketing
280,Lisa,Conley,5511.09,Engineering
281,Collin,Watson,4091.19,Support
282,Andrew,Allen,4412.54,HR
283,Rodney,Curtis,6473.76,Support
284,Heather,Rogers,9746.34,Support
285,Connie,Kaiser,6488.53,HR
286,Ryan,Madden,9188.15,Marketing
287,Melinda,Watson,5645.9,Marketing
288,Robert,Warren,8449.05,Marketing
289,Brian,Hull,6396.4,Engineering
290,Allison,Hancock,6357.31,Support
291,Michelle,Humphrey,9614.58,Finance
292,Jessica,Long,9077.29,Support
293,Brandon,Galvan,6068.26,Engineering
294,Paul,Robertson,5652.15,Support
295,John,Lin,6586.42,HR
296,Nicole,Arnold,6917.82,Engineering
297,Kyle,Ortiz,9400.53,Sales
298,Heather,Johnson,8460.14,HR
299,Brandy,Mcclain,4400.79,Marketing
300,Lori,Taylor,8769.57,Marketing
301,Tanya,Flores,3055.71,Sales
302,Brian,Farrell,4683.06,Finance
303,Stephanie,Harris,7022.46,Marketing
304,William,Miles,8133.17,Marketing
305,Sabrina,Jones,5730.31,Sales
306,Austin,Simmons,3735.35,Finance
307,Michael,Miller,9136.26,HR
308,Kristopher,Lewis,9818.55,Marketing
309,Larry,Mcgee,8997.14,Support
310,Brandon,Simpson,4700.57,Marketing
311,Walter,Jones,6543.04,HR
312,Eric,Castaneda,5688.93,Engineering
313,Peter,Hamilton,4497.64,Finance
314,Madison,Martinez,4902.04,Marketing
315,Rachel,Fuller,7173.18,Marketing
316,Kendra,Vance,8032.59,Sales
317,Valerie,Miller,6477.29,Support
318,David,Lee,3185.77,Marketing
319,Ashley,Compton,4731.69,Sales
320,Patricia,Cohen,5007.43,HR
321,Matthew,Hughes,4800.61,HR
322,Tiffany,Kramer,7355.04,Marketing
323,Richard,Glass,3774.38,Engineering
324,Tamara,Norman,5720.39,Finance
325,Karen,Glass,6508.65,Support
326,Stefanie,Walter,7199.21,Finance
327,John,Hawkins,9543.75,Marketing
328,Latoya,Jensen,4832.49,Finance
329,Robert,Davis,6898.54,Engineering
330,Teresa,Glass,9093.01,Finance
331,Jacob,Fowler,4137.25,HR
332,Rachel,Hawkins,3511.94,Marketing
333,Linda,Todd,7612.61,Finance
334,Nancy,Simpson,9616.32,Finance
335,Joanne,Nelson,8606.35,Support
336,Javier,Contreras,5346.6,Finance
337,Kenneth,Colon,5484.86,HR
338,Kenneth,Wu,4795.66,Engineering
339,Marc,Williams,9909.13,Sales
340,Travis,White,6026.59,Marketing
341,Jeffrey,Wilson,6347.74,Marketing
342,Thomas,Torres,6629.21,Engineering
343,Jonathan,Harris,3847.75,Marketing
344,David,Jones,6585.52,HR
345,Kyle,Giles,4108.38,Finance
346,Mario,Keller,5184.66,Sales
347,Daisy,Jones,3561.63,HR
348,Thomas,Hoover,4004.05,Marketing
349,Kelly,Davis,4289.78,Finance
350,Nicole,Scott,5985.15,Engineering
351,Crystal,Owen,8504.74,Marketing
352,Robert,Collins,6766.61,HR
353,Jo,Olsen,9028.6,Marketing
354,Amanda,Roth,6812.68,Engineering
355,Tony,Wyatt,9677.7,Engineering
356,Patricia,Gonzalez,5584.46,HR
357,Scott,Bowen,7618.76,Support
358,Scott,Barber,5792.66,Finance
359,Anna,Travis,6714.58,Support
360,April,Smith,9441.04,Marketing
361,Dennis,Baker,7491.33,Engineering
362,Fernando,Hall,5607.57,Sales
363,Brent,Ramirez,6995.26,Engineering
364,Daniel,Anderson,7200.19,Support
365,Chase,Fletcher,9702.45,Finance
366,Susan,Hester,7341.41,Support
367,Michelle,Smith,4774.78,Marketing
368,Michael,Hicks,6751.22,Sales
369,Gail,Rose,6404.91,Finance
370,Stephen,Todd,9060.94,Marketing
371,Brian,Martin,3091.44,Support
372,Brett,Peterson,4800.16,Support
373,Juan,Cruz,4590.75,Sales
374,Craig,Vega,4923.29,Engineering
375,Joshua,Davidson,9461.91,Engineering
376,David,Mcknight,3302.86,Marketing
377,Bobby,Jenkins,5304.79,HR
378,Brittney,Bennett,9469.86,Marketing
379,Emily,Morris,7413.46,HR
380,Richard,Noble,3781.51,Engineering
381,Shawn,Brown,5567.17,HR
382,Rebecca,Baker,7579.73,Engineering
383,Nicholas,Roberts,6618.06,Marketing
384,Andrea,Romero,6014.99,Sales
385,Craig,Rodriguez,4596.23,Marketing
386,Julian,Rios,3491.12,HR
387,Jennifer,Larson,5353.88,Finance
388,Michelle,Huang,7727.16,Marketing
389,Adam,Petersen,9256.15,Engineering
390,Sean,Walker,3541.57,Marketing
391,Katherine,Moss,4424.86,HR
392,Kimberly,Pratt,7121.03,Sales
393,Robert,Mclaughlin,4976.45,HR
394,Robert,Olson,3701.75,Engineering
395,Ian,Thompson,8937.66,Finance
396,Jeremy,Robinson,7608.22,Marketing
397,Steven,Cooper,6862.0,HR
398,Monique,Brown,9212.63,HR
399,Amy,Cummings,5514.68,Marketing
400,Sandra,Edwards,4023.75,Support
401,Gregory,Morris,8158.71,Finance
402,Matthew,Andrade,9596.26,Finance
403,James,Watkins,6800.87,Sales
404,Brittany,Robinson,7003.0,Marketing
405,Tonya,Wilson,7131.6,Support
406,Erik,Brown,9390.7,Finance
407,John,Davis,7395.2,Finance
408,Taylor,Lee,7433.79,HR
409,Mark,Moss,4721.11,Engineering
410,Randall,Davidson,8381.9,Sales
411,Christina,Edwards,9682.3,Engineering
412,Sandra,Miles,8327.23,Finance
413,Jordan,Collins,4176.95,Engineering
414,Stephanie,Kramer,4883.58,Sales
415,Christopher,Joseph,9531.18,HR
416,Raymond,Coleman,8931.44,Finance
417,Victoria,Hays,4891.82,Marketing
418,Mary,Santos,4821.35,Marketing
419,Jennifer,Combs,9277.43,Finance
420,Jennifer,Jimenez,9285.38,Sales
421,Philip,Howard,5953.56,Marketing
422,Eric,Simon,8668.15,Marketing
423,Christian,Acevedo,4130.62,Support
424,Natalie,Reynolds,8515.93,Marketing
425,Thomas,Molina,7417.24,HR
426,Benjamin,Swanson,5764.83,Support
427,Patricia,Barnes,4283.26,Support
428,Ashley,Carpenter,4367.35,Sales
429,Sara,Mcfarland,7707.9,Engineering
430,Pamela,Baker,3285.0,Engineering
431,Kristen,Martinez,5066.37,Sales
432,Anthony,Floyd,7641.04,HR
433,Donald,Ortiz,9365.42,Sales
434,Sherry,Wright,6363.26,Engineering
435,Jennifer,Friedman,8245.01,Marketing
436,Todd,Thomas,3673.22,Support
437,Jennifer,Morrow,4345.57,Sales
438,Patricia,Olson,7512.53,Finance
439,Thomas,Stephens,3154.61,Sales
440,Aimee,Robinson,8614.24,HR
441,Joseph,Haynes,6573.6,Sales
442,Joseph,Burgess,5116.43,Marketing
443,Pamela,Solomon,7452.57,Sales
444,Melissa,Koch,5168.55,Sales
445,Samuel,Johnson,4054.84,Engineering
446,Daniel,Dominguez,9053.41,Marketing
447,Hector,Henderson,7857.47,Support
448,Brett,Mckay,6752.86,Engineering
449,Debra,Jacobson,6811.14,Marketing
450,Bradley,King,8118.42,Finance
451,Elizabeth,Hernandez,7616.83,Support
452,Michael,Woods,9800.94,Support
453,Dan,Lam,4063.29,Finance
454,Jeffery,Curtis,3099.31,Marketing
455,Deanna,Black,6534.64,Finance
456,Ashley,Flowers,8069.66,Marketing
457,Brianna,Ford,3537.51,Marketing
458,Tanner,Fox,3259.66,HR
459,Matthew,Reid,9843.84,Finance
460,Paul,Clark,9619.08,HR
461,Kimberly,Dyer,8874.01,Sales
462,David,Foley,8809.45,HR
463,Sheila,Ramos,5442.71,Finance
464,Maurice,Cruz,7844.22,HR
465,Tony,English,6457.25,Marketing
466,Holly,Mendoza,7887.25,Support
467,George,Bradley,3863.19,Engineering
468,Crystal,Howard,5629.64,Sales
469,Sydney,Miller,7231.32,Sales
470,Robert,Castillo,5889.89,Marketing
471,William,Thompson,6959.54,Marketing
472,Samantha,Mccormick,3090.67,HR
473,Timothy,Brown,8169.35,HR
474,Briana,Mann,3710.39,Finance
475,Brent,Frey,5492.24,Finance
476,Jeffrey,Stout,4106.0,HR
477,Nicholas,Lara,4009.35,Support
478,Dennis,Young,8550.12,Support
479,Joyce,Allen,4674.09,Engineering
480,Bethany,Lopez,7680.58,Finance
481,Raymond,Campos,3813.13,Engineering
482,John,Smith,5911.84,Engineering
483,Katelyn,Martinez,6809.83,HR
484,Leah,Fletcher,8263.48,Finance
485,Heather,Miller,8773.45,Marketing
486,Allen,Fields,3250.16,Support
487,Ryan,Jackson,7171.22,Engineering
488,Barbara,Boyle,3433.82,Engineering
489,Curtis,Turner,9512.62,Sales
490,Amber,Wilson,3941.7,Marketing
491,Daniel,Lloyd,3364.56,Support
492,Valerie,Villanueva,6933.63,Marketing
493,Donna,Adams,8416.08,Sales
494,Samuel,Lester,3759.39,Engineering
495,Seth,Gaines,3009.48,Support
496,Donna,Harris,4359.62,HR
497,Samuel,Blankenship,5889.02,Marketing
498,Samuel,Montoya,9562.64,Marketing
499,Joyce,Fields,6266.38,Marketing
500,Phillip,Young,9808.14,Engineering
501,Kayla,Weber,9021.63,Finance
502,Amy,Rodriguez,5988.89,Sales
503,Gregory,Perez,5930.74,Finance
504,Scott,Hanson,7828.53,Marketing
505,Tammy,Hunt,4087.75,Support
506,Karen,Fisher,8531.17,HR
507,Sandra,Grimes,4412.56,Sales
508,Michael,Navarro,4303.27,Marketing
509,Johnathan,Kelly,5689.3,Sales
510,Pamela,West,9948.93,HR
511,William,Jones,6821.87,Marketing
512,Derek,Rios,9388.4,Sales
513,Patrick,Ward,4250.83,Sales
514,Misty,Quinn,8793.92,Finance
515,Monica,Lindsey,4047.71,Engineering
516,Anthony,Warren,7324.91,Sales
517,Taylor,Mccoy,4263.6,HR
518,Melissa,Carter,6447.47,Support
519,Margaret,Gaines,7285.84,Engineering
520,Taylor,Chambers,6179.61,Support
521,Amber,Hamilton,5685.57,Support
522,Kellie,Oconnor,4510.3,Finance
523,Becky,Martinez,6046.66,Finance
524,Robert,Lowery,5212.15,Marketing
525,William,Moore,4072.74,Marketing
526,Sheila,Foster,6071.63,Finance
527,James,Garcia,5678.32,Support
528,Patrick,Petty,6513.72,Marketing
529,Chad,Hawkins,9654.2,Marketing
530,Brian,Henderson,9878.3,Marketing
531,Tammy,Rogers,9494.09,Sales
532,Jennifer,Clayton,8359.64,Marketing
533,Marissa,Rivers,8607.39,Sales
534,Erica,Mckenzie,4361.35,Finance
535,Katherine,Hudson,9711.29,Finance
536,David,Dominguez,6792.66,Support
537,Robert,Diaz,9561.24,HR
538,Sean,Davis,3272.36,Finance
539,Stephanie,Mack,3212.22,Finance
540,Jose,Walton,9413.71,Engineering
541,Nicholas,Pham,6577.54,Sales
542,Timothy,Marshall,5944.71,Marketing
543,Matthew,Ho,6179.21,Engineering
544,Victoria,Cook,4726.59,Finance
545,Kristin,Vargas,3379.26,Sales
546,Paul,Phillips,4843.8,Finance
547,Annette,Mueller,8776.4,Engineering
548,Amber,Gonzales,7502.01,HR
549,John,Wood,8401.99,Engineering
550,Stephen,Reynolds,4764.25,HR
551,Yolanda,Hays,3122.34,Engineering
552,Crystal,Barr,7357.49,HR
553,Kelsey,Buchanan,3842.74,Finance
554,Robert,Rasmussen,7905.6,Support
555,Kenneth,Benjamin,5322.07,Sales
556,Pamela,Wilkinson,7224.67,Sales
557,Doris,Moreno,7717.58,Engineering
558,William,Dixon,5706.59,Sales
559,Sherry,Phillips,5004.22,Finance
560,Corey,Nichols,3467.4,Sales
561,James,Pierce,8353.22,Support
562,Michael,Stephens,3900.46,Finance
563,Whitney,Adams,7832.03,Marketing
564,Steven,Rose,7254.08,HR
565,Catherine,Williams,8583.64,Engineering
566,Kimberly,Calhoun,6729.94,Finance
567,Brittany,Brown,7493.96,Engineering
568,Lisa,Little,4166.16,Marketing
569,Amy,West,7043.81,HR
570,Brian,Wallace,7964.75,HR
571,Martin,Ross,5779.28,Engineering
572,Patricia,Hill,3628.51,Finance
573,Mark,Jackson,7879.92,Marketing
574,Alyssa,Martin,6100.6,Marketing
575,Aaron,Dennis,4609.34,Marketing
576,Dillon,Hahn,5766.6,HR
577,Corey,Thomas,7975.19,HR
578,Michael,Griffin,7366.73,HR
579,Jessica,Perry,5664.46,HR
580,Gregory,Norton,4932.65,Marketing
581,Steven,Francis,7121.06,Engineering
582,Michael,Taylor,6666.93,Sales
583,Richard,Paul,7238.4,HR
584,James,Roberts,8558.02,Engineering
585,Amanda,Mack,7328.13,Marketing
586,Richard,Hall,7634.2,Engineering
587,Christopher,Smith,4063.57,Sales
588,Kevin,Morales,8446.93,Marketing
589,Christopher,Farrell,9446.28,Support
590,Christy,Serrano,5751.31,HR
591,Robert,Rogers,5039.92,Sales
592,Tammy,Lang,4609.73,Support
593,Javier,Butler,3503.8,Engineering
594,Cassandra,Cannon,6429.61,Sales
595,Thomas,Robinson,3268.45,Marketing
596,Tammy,Martin,6544.97,Finance
597,Linda,Winters,8086.05,Finance
598,Alexander,Jennings,9895.96,Engineering
599,Christopher,Diaz,8084.11,Support
600,Sierra,Gillespie,9965.6,HR
601,Dawn,Strickland,7644.38,Engineering
602,Henry,Roach,8170.67,Support
603,Jill,Wright,5851.29,Support
604,Christine,Reyes,7460.97,Support
605,Jacob,Burton,3672.96,Engineering
606,Dorothy,Day,6741.84,Engineering
607,Rachel,Rose,7498.61,Sales
608,Joshua,Johnson,3471.73,Sales
609,Amy,Turner,3703.67,Finance
610,Joshua,Jenkins,7684.35,HR
611,Carla,Wang,3257.05,HR
612,Douglas,Hampton,5878.91,Engineering
613,Garrett,Holden,8759.87,Support
614,Gerald,Chung,3442.84,HR
615,Kyle,Kelley,6792.7,HR
616,Tony,King,9420.16,Marketing
617,Christopher,Allen,4994.28,Support
618,Kenneth,Nielsen,5403.08,HR
619,Edward,Waters,8006.44,Marketing
620,Jeffrey,Avery,7901.57,Marketing
621,Lee,Valenzuela,9263.67,HR
622,Connor,Mullen,8649.74,Sales
623,Dawn,Graves,9891.73,Engineering
624,Gregory,Deleon,5642.84,Finance
625,Jeremy,Johnston,7435.29,Support
626,James,Fox,5959.09,Sales
627,Anna,Bernard,3579.86,Sales
628,John,Wallace,3538.93,Engineering
629,Joseph,Collins,4595.58,Finance
630,Ashley,Jordan,4536.35,Finance
631,Jesus,Evans,7103.06,Support
632,Anthony,Smith,5393.89,Support
633,Richard,Dunn,3402.79,Support
634,Karen,Bailey,9865.49,Marketing
635,John,Olson,5276.22,Engineering
636,Gabriela,Williams,3380.08,Marketing
637,Michael,Lee,6009.23,HR
638,Nicholas,Holloway,5563.27,Finance
639,Laurie,Chen,7058.0,Engineering
640,Joshua,Williams,9858.83,Engineering
641,Kyle,Roman,8368.12,Engineering
642,Allison,Foster,6894.52,Sales
643,Patricia,Peterson,9039.62,HR
644,Heather,Salinas,5821.51,Marketing
645,Linda,Lee,5883.64,Sales
646,Melissa,Dixon,4046.16,Support
647,Travis,Taylor,3169.03,Sales
648,Carol,Stafford,3213.74,Finance
649,Amanda,May,7179.27,Engineering
650,Ryan,Garner,6466.78,Finance
651,Elizabeth,Estrada,6198.56,Support
652,Pamela,Ayers,9683.0,Engineering
653,April,King,7863.81,Finance
654,Christopher,Robinson,5001.35,Sales
655,Lindsay,Cox,6051.17,Engineering
656,Daniel,Maxwell,5767.99,Sales
657,Courtney,Adams,3294.34,Support
658,Kelly,Rodriguez,5999.74,HR
659,Stephanie,Wilson,4563.58,Finance
660,Lori,Hughes,3531.35,Sales
661,Margaret,Gonzalez,7983.06,Finance
662,James,Jones,6514.4,HR
663,Peter,Kane,9235.94,Marketing
664,Erik,Jackson,4513.06,Sales
665,David,Terry,8462.74,Finance
666,Cynthia,Haas,9178.13,Support
667,Elizabeth,Alexander,3716.56,Engineering
668,Austin,Ramos,3024.58,Finance
669,Mikayla,Rodriguez,9693.86,Sales
670,Devin,Perkins,9519.48,HR
671,Jesse,Bullock,9144.78,HR
672,Diana,Freeman,5794.3,Support
673,Susan,Powell,7543.98,Support
674,David,Williams,4094.69,Engineering
675,David,Garza,5827.42,HR
676,Megan,Hawkins,6913.24,Marketing
677,Jason,Stevens,7206.4,Engineering
678,Robert,Mejia,3478.28,Support
679,Douglas,Baker,8383.26,Marketing
680,April,Blair,5851.66,Finance
681,Amber,Gutierrez,6100.01,Marketing
682,Nicole,Hamilton,7382.7,Engineering
683,Shane,Gray,4038.77,Marketing
684,Tina,Preston,7308.31,Engineering
685,Caitlyn,Harris,5175.52,HR
686,Jesse,Vasquez,8337.65,Engineering
687,Thomas,Carter,8132.72,Finance
688,Eric,Roberts,6110.51,Marketing
689,Heather,Hardy,7875.3,HR
690,Shelley,Turner,4583.13,Engineering
691,Danielle,Hampton,8300.48,HR
692,Jonathan,Mcdowell,7755.06,Finance
693,Kelly,Hansen,3530.23,Marketing
694,Aaron,Sweeney,7316.22,Finance
695,Robert,Brown,3743.96,Support
696,Kevin,Barker,9943.12,Engineering
697,Leah,Rodriguez,4095.76,Marketing
698,Paul,Browning,5820.73,Engineering
699,Sally,Martin,4306.17,HR
700,David,Glenn,7979.3,Sales
701,Heather,Stewart,7761.65,Marketing
702,William,Hanna,6064.31,Marketing
703,Chad,Estrada,7209.32,Finance
704,Kevin,Martinez,3171.75,Finance
705,Maria,Estes,5332.27,Engineering
706,Michael,Horn,7338.17,Finance
707,Timothy,Long,6679.05,HR
708,Mark,Calderon,7623.16,Support
709,Sally,Marshall,9117.0,Finance
710,Elizabeth,Perry,5852.87,Finance
711,John,Thomas,4261.21,Finance
712,Gabrielle,Kim,6662.73,Marketing
713,Janice,Perry,3295.78,Support
714,Billy,Anderson,9919.57,Support
715,Raymond,Gilmore,4103.54,Marketing
716,Elizabeth,Contreras,6251.92,Sales
717,Kenneth,Daniels,3201.43,Engineering
718,Leah,Matthews,4920.65,HR
719,Holly,Golden,7928.43,Sales
720,Angela,Gutierrez,9535.9,Support
721,Keith,Soto,8651.79,Finance
722,Stephen,Chavez,6693.04,Marketing
723,Steve,Poole,3607.55,Marketing
724,Kaitlin,Warner,4057.3,Sales
725,Luke,Mcpherson,6859.59,Sales
726,Nicholas,Dunn,6208.83,Marketing
727,Julie,Joseph,9182.67,Finance
728,Joshua,Parks,9245.95,Marketing
729,Shannon,Dominguez,6333.13,Marketing
730,Amber,Kim,6193.02,Sales
731,Alexandria,Levine,6342.54,HR
732,Crystal,York,4852.21,HR
733,Timothy,Pace,8801.67,Marketing
734,Donna,Buchanan,8577.54,Marketing
735,Ashley,Nelson,5880.0,Engineering
736,Carolyn,Casey,7024.43,Marketing
737,David,Howard,6386.69,Sales
738,Katrina,Bautista,5602.64,HR
739,Elizabeth,Rivera,8985.63,Engineering
740,Kristi,Smith,3006.97,Marketing
741,Virginia,Martinez,6293.64,Marketing
742,Chris,Scott,3110.08,HR
743,Linda,Ortiz,5974.45,Support
744,Andrew,Rodriguez,7794.79,HR
745,Patricia,Shields,9400.75,Finance
746,Donna,David,5364.06,Marketing
747,Karen,Simmons,8361.92,Engineering
748,Theodore,White,6747.59,Sales
749,Richard,Delacruz,8053.67,Sales
750,Jeffrey,Larsen,4989.22,Sales
751,Stephen,Campbell,3037.25,Marketing
752,Christina,Harrington,3654.9,Support
753,David,Morrison,4816.24,Support
754,Linda,Arnold,6469.23,Engineering
755,William,Baxter,3696.32,Finance
756,Robert,Rodriguez,9672.93,Finance
757,Wesley,Anderson,8105.13,Engineering
758,Michael,Martinez,6096.48,Finance
759,Darlene,Roth,5337.46,Marketing
760,Darryl,Price,3576.37,Engineering
761,Eric,Anderson,6760.4,Finance
762,Gabriel,Knight,4704.9,Support
763,Amanda,Williams,9473.53,HR
764,Jonathan,Davis,8773.99,Sales
765,Samantha,Cervantes,5253.24,Marketing
766,Brian,Koch,8387.67,Marketing
767,Tina,Johnson,7820.87,Finance
768,Laura,Wilson,3101.62,Finance
769,Ruben,Smith,8815.38,Support
770,David,Hancock,4645.6,Marketing
771,Karen,Reynolds,9808.91,Sales
772,Ronald,Strickland,8961.15,Finance
773,Martha,Ward,7636.92,Marketing
774,Breanna,Curry,5173.86,Sales
775,Natasha,Walsh,7481.01,Support
776,Mary,Rios,9499.32,Engineering
777,Anthony,Yu,3735.41,Marketing
778,Brittany,Carter,9048.77,Engineering
779,Heather,Hodge,5852.44,Marketing
780,Daniel,Hoffman,6385.04,Finance
781,Timothy,Ritter,5188.49,Sales
782,Brent,Ramos,8238.79,Engineering
783,Sarah,Mccann,8713.72,Sales
784,Randy,Warren,7417.67,Support
785,Dale,Fletcher,3339.66,Engineering
786,Ronald,Moreno,7923.42,Sales
787,Charles,Cisneros,6170.8,Finance
788,Robert,Pennington,7624.12,Finance
789,Ryan,Baker,9585.02,Finance
790,Sarah,Simpson,4182.18,Engineering
791,William,Miller,5745.34,Support
792,Michael,Flynn,3562.92,Marketing
793,Carol,Smith,7966.39,Marketing
794,Brandon,Henry,6283.22,Sales
795,Kendra,Ford,9813.71,Sales
796,Michael,Robertson,8899.49,Finance
797,Jasmin,Patel,3624.49,Finance
798,Andrea,Miranda,3691.4,Marketing
799,Jeffrey,Morris,8395.52,HR
800,Jesse,Bell,3840.88,Marketing
801,Stephen,Rodriguez,8751.47,Engineering
802,Brent,Huffman,5286.7,Marketing
803,Jonathon,Roberts,9210.77,Sales
804,Patricia,Carter,4888.6,Sales
805,Mason,Gilbert,7101.64,Support
806,Emily,Vaughan,9962.31,Finance
807,Kathryn,Coleman,5759.13,Marketing
808,Alexandria,Morgan,9485.81,Support
809,Tracy,Lucas,4288.67,Marketing
810,Mary,Cruz,3084.14,Support
811,Anne,Bennett,7301.5,Support
812,Patricia,Lee,7577.62,Sales
813,Travis,Sharp,8514.18,Engineering
814,Anthony,Cook,5099.58,Sales
815,Stacey,Best,6283.59,Finance
816,Nicholas,Jones,6083.66,Sales
817,Robert,Dunn,5055.59,Finance
818,Mark,Collins,9925.14,Engineering
819,Sierra,Guerrero,5611.37,HR
820,James,Burton,3092.85,Sales
821,Greg,Torres,9540.47,Marketing
822,Hector,Vincent,8544.84,Finance
823,Karla,Peters,8253.92,Support
824,Michael,Hughes,5478.28,HR
825,Cathy,Carpenter,7738.51,Finance
826,Donald,Carpenter,8697.0,Engineering
827,Christina,Frazier,4584.9,Marketing
828,Eugene,Morris,6112.61,Marketing
829,Julie,Stewart,7465.82,Finance
830,Michelle,Miller,7886.99,Engineering
831,John,Sanchez,8374.29,Finance
832,Deborah,Thomas,4304.29,Engineering
833,Brian,Mckay,7194.25,Sales
834,Lynn,Soto,3592.85,Marketing
835,Robert,Jenkins,9044.46,Marketing
836,Christine,Lambert,5940.35,Engineering
837,Juan,James,5098.64,Finance
838,Clayton,Hughes,3410.55,Sales
839,Duane,Rodriguez,3042.15,Engineering
840,Karen,Vargas,7760.12,HR
841,Ashley,Li,8919.41,Support
842,Julie,Thompson,5953.63,Finance
843,Alexander,Simpson,4796.71,HR
844,Katie,Barnes,9889.71,HR
845,Dennis,Mitchell,4992.94,Support
846,Amanda,Riley,7242.93,Finance
847,Diane,Yoder,9549.03,Marketing
848,Jermaine,Valdez,5861.48,Sales
849,Amanda,Young,5899.88,Finance
850,William,Barker,3452.25,HR
851,Lee,Torres,7276.34,Engineering
852,Carla,Thompson,8522.55,Marketing
853,George,Mitchell,9396.01,Support
854,Cynthia,Guerrero,5393.96,Engineering
855,Leslie,Clarke,3677.4,Finance
856,William,Morgan,7431.04,Support
857,Michelle,Rodriguez,9599.3,HR
858,Edward,Jacobs,5205.74,Finance
859,John,Mckee,5207.35,Sales
860,Eileen,Norton,6644.51,Finance
861,Thomas,Nguyen,6150.7,Support
862,Stephen,Gray,7008.32,Marketing
863,Brent,Martinez,3076.94,Marketing
864,Evan,Kim,3998.97,HR
865,Alexis,Evans,7332.91,Marketing
866,Jennifer,Carlson,9339.22,Marketing
867,Amy,Scott,7200.28,Finance
868,Brenda,Villarreal,9786.16,Finance
869,Stephanie,Anderson,6707.01,Marketing
870,Scott,Garrison,5652.16,Finance
871,Krystal,Marquez,3032.76,Support
872,Joshua,Mullins,6394.85,Engineering
873,David,Lamb,5484.65,Support
874,Jennifer,Wyatt,5586.7,Sales
875,Jessica,Scott,7603.13,Finance
876,Patrick,Smith,6165.56,Finance
877,Michael,Cox,8973.51,HR
878,Jason,Smith,7295.83,Support
879,Virginia,Hawkins,3549.92,Support
880,Ann,Lester,5442.6,Marketing
881,Brandon,Baker,9775.67,Sales
882,Julie,Gallegos,9757.78,Support
883,Devin,Lawson,9808.02,Engineering
884,Jonathon,Moore,5095.97,Engineering
885,Heather,Thompson,3407.7,HR
886,Nathan,Brown,9661.79,Engineering
887,Michelle,Patrick,8942.28,Finance
888,Jenna,Martinez,9292.97,Engineering
889,Alice,Jordan,8819.0,HR
890,James,Ford,3172.99,Finance
891,Theresa,Brooks,4286.19,Marketing
892,Taylor,Anderson,6728.42,Support
893,Stephanie,Harris,5225.24,Finance
894,Laura,Montoya,5996.33,HR
895,David,Chandler,5016.2,Marketing
896,Cindy,Jones,4765.16,Engineering
897,Theresa,West,6751.54,Support
898,Eric,Galloway,4623.36,Engineering
899,Danielle,Gonzalez,5269.83,Marketing
900,Andrea,Combs,6254.53,HR
901,Adam,Adams,4005.33,Finance
902,Chelsea,Sandoval,5545.75,Support
903,Joshua,Davis,9263.19,Engineering
904,Corey,Mitchell,8609.26,Sales
905,Loretta,Stevens,5647.86,Marketing
906,Brandy,Hall,7786.29,Finance
907,Laura,Lopez,6693.42,Sales
908,Brianna,Owens,7608.93,Sales
909,Mary,Mitchell,4927.28,Finance
910,Christine,Cox,6644.56,Sales
911,Julia,Nelson,5939.67,HR
912,Kevin,Torres,6562.46,HR
913,Ann,Reyes,3020.02,Finance
914,Brian,Daniel,8115.83,Engineering
915,Amanda,Gonzalez,7480.42,Engineering
916,Kevin,Carpenter,8476.85,Finance
917,Melissa,Bright,9562.11,Support
918,Erik,Mullins,8100.91,Sales
919,Matthew,Carr,8312.33,Engineering
920,Eric,Cortez,3914.82,Finance
921,Elizabeth,Rios,7022.49,Finance
922,Alexandra,White,6865.22,Sales
923,John,Jones,8449.16,Support
924,Victor,Cooper,7139.39,Engineering
925,Nicholas,Stein,5906.01,Engineering
926,Jessica,Ellis,5165.82,Support
927,Monica,Anderson,5384.32,HR
928,Erica,Alvarez,3265.24,Support
929,Joanne,Reese,8277.4,Sales
930,Michael,White,9764.12,Engineering
931,Jeremy,Cunningham,5869.0,Engineering
932,Tonya,Williams,9218.03,Finance
933,Matthew,Wang,5891.7,Marketing
934,Tina,Mcdonald,7227.61,Support
935,Kaitlin,Strickland,5246.09,Sales
936,Ryan,Gonzalez,6599.37,Marketing
937,Ryan,Campbell,6580.93,Engineering
938,Kelly,Osborne,3063.78,HR
939,Theresa,Price,8937.61,Support
940,Brian,Christensen,4281.82,HR
941,Johnny,Garcia,3656.82,Sales
942,Shawn,Young,7962.08,Sales
943,Ryan,Alexander,4186.21,Sales
944,Donna,Thomas,5157.93,HR
945,Jesse,Andrews,8088.66,HR
946,Adriana,Bryant,5172.9,Finance
947,Harold,Price,5959.95,Finance
948,John,Thomas,8018.07,Support
949,Jamie,Holmes,7979.12,Engineering
950,Elizabeth,Thomas,5525.05,Finance
951,Curtis,Graham,5844.74,Engineering
952,Katelyn,Herring,9888.47,HR
953,Bryan,Ball,4893.37,Sales
954,Victoria,Reyes,4466.8,Marketing
955,Cynthia,Fernandez,6491.03,Support
956,Dorothy,Ramirez,8298.08,Support
957,Brian,Reynolds,5331.46,Support
958,Joshua,Roberson,8259.07,Engineering
959,Brandon,Brock,3994.05,Engineering
960,Benjamin,Foster,7261.74,Sales
961,Judy,Torres,4068.25,HR
962,Katrina,Rose,7560.61,Engineering
963,Jodi,Ramos,5775.12,Engineering
964,Amanda,Chavez,6439.5,Support
965,Tracey,King,6070.58,Support
966,Cassandra,Clark,5950.01,Support
967,Justin,Evans,7299.0,Engineering
968,Jamie,Griffin,5540.77,Support
969,Shannon,Russell,3125.96,Sales
970,Kevin,Carpenter,3547.35,HR
971,Victoria,Hebert,9032.89,Marketing
972,Timothy,Wiley,4355.35,HR
973,Melissa,Waller,5451.93,Sales
974,Aaron,Hull,8006.38,HR
975,Justin,Baker,5026.2,Marketing
976,Brian,Webster,6352.15,Finance
977,Mario,Huff,9766.64,HR
978,Donald,Dennis,3252.81,Finance
979,Toni,Young,9122.4,HR
980,Mark,Bean,5275.49,Finance
981,Brittany,Flores,9108.55,HR
982,Justin,Hernandez,6875.6,Sales
983,Walter,Powell,8677.23,Engineering
984,Brian,Ellis,8259.06,Sales
985,Jacqueline,Rogers,4674.64,HR
986,Marcus,Baker,5409.33,Engineering
987,Gary,Anderson,7204.04,Support
988,Connie,Rodriguez,4043.77,Sales
989,Alexis,Gutierrez,6280.05,Finance
990,Jonathan,Reynolds,5492.49,HR
991,Danny,Gallagher,3659.0,Support
992,Michael,Dodson,8267.59,Finance
993,Ashley,Morris,9110.78,HR
994,Desiree,Nielsen,6044.27,Sales
995,Angela,Stein,9957.14,HR
996,Alicia,Anderson,6749.74,Finance
997,Kenneth,Le,3333.35,Support
998,Barry,Riley,3311.8,Marketing
999,Joan,Rogers,3019.46,Finance
1000,Kimberly,Lewis,6236.28,Support
